
#POR

#SPR

#BEL

#BUL_Characters

#SWI

#CHI

#JAP
 JAP_Ciel:0 Ciel
 JAP_minamoto_no_yoshitsune:0 ushiwakamaru
 :0 

#AST

#AUS

#BAT

#BEY

#BRA

#CAN

#CZE

#ENG

#EST

#FIC

#FIN

#FRA
 FRA_gilles_de_rais:0 Gilles
 FRA_charlemagne:0 charlemagne
 FRA_napoleon_bonaparte:0 Napoleon
 FRA_Pauline_Bonaparte:0 Pauline
 FRA_bradamante:0 Beadamante
 FRA_astolfo:0 astolfo
 FRA_edmond_dantes:0 Edmond

#GER

#GRE

#HOL
 LUX_marie_muller:0 "Marie Muller"
 LUX_joseph_frison:0 "Joseph Frison"
 LUX_léon_jottrand:0 "Léon Jottrand"
 LUX_jeanlouis_lebeau:0 "Jean-Louis Lebeau"

#HUN

#IRE
 IRE_eoin_oduffy:0 "Eoin O'Duffy"
 IRE_james_larkin:0 "James Larkin"
 IRE_bazett_fraga_mcremitzpsd:0 "Bazett Fraga McRemitzpsd"
 IRE_fionn_mac_cumhaill:0 "Fionn mac Cumhaill"
 IRE_cú_chulainn:0 "Cú Chulainn"
 IRE_diarmuid_ua_duihne:0 "Diarmuid Ua Duihne"

#IRQ
 IRQ_ghazi_i:0 "Ghazi I"
 IRQ_rashid_ali_algaylani:0 "Rashid Ali al-Gaylani"
 IRQ_yusuf_salman_yusuf:0 "Yusuf Salman Yusuf"
 IRQ_abd_almalik_ibn_hisham:0 "Abd al-Malik ibn Hisham"
 IRQ_faisal_ii:0 "Faisal II"
 IRQ_taha_al_ahmani:0 "Taha al Ahmani"
 IRQ_fahmi_said:0 "Fahmi Sa'id"
 IRQ_ali_mahmud_al_shaykh:0 "Ali Mahmud al Shaykh"
 IRQ_iskandar_al-shami:0 "Iskandar al-Shami"
 IRQ_abdullah_al-tell:0 "Abdullah al-Tell"
 IRQ_mustafa_al_quidsi:0 "Mustafa al-Qudsi"
 IRQ_hamdi_al_pachachi:0 "Hamdi al Pachachi"
 IRQ_fawsi_al_kaukji:0 "Fawsi al Kaukji"
 IRQ_khaled_al_dalabeeh:0 "Khaled al Dalabeeh"
 IRQ_jamil_al_midfai:0 "Jamil al Midfai"
 IRQ_ali_ben_jawad:0 "Ali ben Jawad"
 IRQ_bakr_sidqi:0 "Bakr Sidqi"
 IRQ_amir_al_illah:0 "Amir al Illah"
 IRQ_ali_abn_hussein:0 "Ali Abn Hussein"
 IRQ_nuri_as_said:0 "Nuri as Said"

#ISR

#ITA
 ITA_romulus:0 romulus

#MAN

#MEX

#PHI_Fate_characters
 PHI_manuel_luis_quezón:0 "Manuel Luis Quezón"
 PHI_pedro_p_baguisa:0 "Pedro P. Baguisa"
 PHI_deodato_jacinto:0 "Deodato Jacinto"
 PHI_hermano_jacinto:0 "Hermano Jacinto"
 PHI_pelagio_cruz:0 "Pelagio Cruz"
 PHI_jose_v_andrada:0 "Jose V. Andrada"
 PHI_leoncio_s_tan:0 "Leoncio S. Tan"
 PHI_benito_n_ebuen:0 "Benito N. Ebuen"
 PHI_basilio_fernando:0 "Basilio Fernando"
 PHI_basilio_j_valdez:0 "Basilio J. Valdez"
 PHI_santiago_nuval:0 "Santiago Nuval"
 PHI_heraclio_alano:0 "Heraclio Alano"
 PHI_ramon_a_alcaraz:0 "Ramon A. Alcaraz"
 PHI_victor_h_dizon:0 "Victor H. Dizon"
 PHI_edwin_andrews:0 "Edwin Andrews"
 PHI_eustacio_orobia:0 "Eustacio Orobia"
 PHI_vicente_p_lim:0 "Vicente P. Lim"
 PHI_emilio_aguinaldo:0 "Emilio Aguinaldo"
 PHI_juan_sumulong:0 "Juan Sumulong"
 PHI_sergio_osmena:0 "Sergio Osmeña"

#POL
 :0 

#RAJ

#RHI

#ROM

#RUS

#SLO
 SLO_tuka_béla:0 "Tuka Béla"
 SLO_antonín_janoušek:0 "Antonín Janoušek"
 SLO_jaroslav_majer:0 "Jaroslav Majer"
 SLO_jaroslav_kratochvil:0 "Jaroslav Kratochvil"
 SLO_vojtech_daubner:0 "Vojtech Daubner"
 SLO_jozef_hora:0 "Jozef Hora"
 SLO_frano_kral:0 "Frano Kral"
 SLO_jozef_snejdarek:0 "Jozef Snejdarek"
 SLO_fritz_gejza:0 "Fritz Gejza"
 SLO_frantisek_sadek:0 "Frantisek Sadek"
 SLO_stefan_tiso:0 "Stefan Tiso"
 SLO_cyril_kuchta:0 "Cyril Kuchta"
 SLO_jindrich_honzl:0 "Jindrich Honzl"
 SLO_frantisek_straka:0 "Frantisek Straka"
 SLO_karol_sidor:0 "Karol Sidor"
 SLO_emil_lendvay:0 "Emil Lendvay"
 SLO_jozef_turanec:0 "Jozef Turanec"
 SLO_gustav_malar:0 "Gustav Malar"
 SLO_rudolf_viest:0 "Rudolf Viest"
 SLO_janko_jesensky:0 "Janko Jesensky"
 SLO_ferdinand_catlos:0 "Ferdinand Catlos"
 SLO_anton_pulanick:0 "Anton Pulanick"

#SOV

#SWE

#TUR

#UKR
 :0 
 :0 

#USA

#XSM

#YUG
 ALB_king_zog:0 "King Zog"
 ALB_eqrem_belishi:0 "Eqrem Belishi"
 ALB_gjon_burbank:0 "Gjon Burbank"
 ALB_xhemal_aranitasi:0 "Xhemal Aranitasi"
 ALB_halil_nergutti:0 "Halil Nergutti"
 ALB_ismael_ghaxa:0 "Ismael Ghaxa"
 ALB_hajre_fetahu:0 "Hajrë Fetahu"
 ALB_xhelal_mitrovica:0 "Xhelal Mitrovica"
 ALB_selim_moishiou:0 "Selim Moishiou"
 ALB_kol_bibe_mirakaj:0 "Kol Bibë Mirakaj"
 ALB_qemal_komani:0 "Qemal Komani"
 ALB_prenk_pervizi:0 "Prenk Pervizi"
 ALB_alexander_mori:0 "Alexander Mori"
 ALB_aziz_sulejmani:0 "Aziz Sulejmani"
 ALB_kristo_cajupi:0 "Kristo Cajupi"
 ALB_eqrem_libohova:0 "Eqrem Libohova"
 ALB_zuhdi_shabani:0 "Zuhdi Shabani"
 ALB_rexhep_mitrovica:0 "Rexhep Mitrovica"
 ALB_hasan_begolli:0 "Hasan Begolli"
 ALB_fiqri_dine:0 "Fiqri Dine"
 ALB_midhat_frasheri:0 "Midhat Frashëri"
 ALB_jocelyn_percy:0 "Jocelyn Percy"

#_African

#_Asian
 OMA_said_bin_taimur:0 "Said bin Taimur"
 OMA_ahmad_ibn_jafar:0 "Ahmad ibn Ja'far"
 OMA_halil_ibn_halil:0 "Halil ibn Halil"
 OMA_iskandar_ibn_ali:0 "Iskandar ibn Ali"
 OMA_abdul_rahal:0 "Abdul Rahal"
 OMA_fawzi_ibn_timur:0 "Fawzi ibn Timur"
 OMA_geoffrey_claydon:0 "Geoffrey Claydon"
 OMA_hafs_mohammed:0 "Hafs Mohammed"
 OMA_abdallah_ibn_timur:0 "Abdallah ibn Timur"
 OMA_nasser_bazzi:0 "Nasser Bazzi"
 OMA_musa_al_saif:0 "Musa al-Saif"
 OMA_jassim_bin_hani:0 "Jassim bin Hani"
 OMA_zahir_ibn_timur:0 "Zahir ibn Timur"
 OMA_fayur_kassis:0 "Fayur Kassis"
 OMA_ghassan_aly:0 "Ghassan Aly"
 OMA_said_ibn_timur:0 "Said ibn Timur"
 OMA_suleiman_al_ryami:0 "Suleiman al Ryami"
 OMA_khalfan_bin_master:0 "Khalfan bin Master"
 OMA_marhoon_muhaid:0 "Marhoon Muhaid"
 OMA_rashid_al_kharusi:0 "Rashid al-Kharusi"
 YEM_imam_yahya:0 "Imam Yahya"
 YEM_chandler_ibn_khalid:0 "Chandler ibn Khalid"
 YEM_mustafa_ibn_umar:0 "Mustafa ibn Umar"
 YEM_fuad_ibn_yusuf:0 "Fuad ibn Yusuf"
 YEM_ja_far_al_hijazi:0 "Ja'far al-Hijazi"
 YEM_hisham_ibn_salim:0 "Hisham ibn Salim"
 YEM_abd_al_husseini:0 "Abd al Husseini"
 YEM_sa_ud_ibn_umar:0 "Sa'ud ibn Umar"
 YEM_ahmad_bin_yaha:0 "Ahmad bin Yahya"
 YEM_ahmad_al_hamid:0 "Ahmad al Hamid"
 YEM_mansur_al_badr:0 "Mansur al Badr"
 YEM_burkan_salem:0 "Burkan Salem"
 YEM_hisham_ibn_uthman:0 "Hisham ibn Uthman"
 YEM_khalid_ibn_yusuf:0 "Khalid ibn Yusuf"
 YEM_ali_halukeh:0 "Ali Halukeh"
 YEM_jabir_khaldun:0 "Jabir Khaldun"
 YEM_yusuf_ibn_khalid:0 "Yusuf ibn Khalid"
 YEM_fuad_ibn_falil:0 "Fuad ibn Falil"
 YEM_cecil_barrington_hurst:0 "Cecil Barrington Hurst"
 YEM_nae_m_al_abdul:0 "Nae'm al-Abdul"
 AFG_mohammed_zahir_shah:0 "Mohammed Zahir Shah"
 AFG_akram_sattari:0 "Akram Sattari"
 AFG_yaqub_khan:0 "Yaqub Khan"
 AFG_mihrdil_shahnawaz:0 "Mihrdil Shahnawaz"
 AFG_sardar_shah_wali_khan:0 "Sardar Shah Wali Khan"
 AFG_hares_muzafar:0 "Hares Muzafar"
 AFG_asadullah_seraj_khan:0 "Asadullah Seraj Khan"
 AFG_gholam_wali:0 "Gholam Wali"
 AFG_nasirullah_husain:0 "Nasirullah Husain"
 AFG_muhammad_amin_bughra:0 "Muhammad Amin Bughra"
 AFG_azam_ataullah:0 "Azam Ataullah"
 AFG_mohammed_daoud_khan:0 "Mohammed Daoud Khan"
 AFG_renato_bardolucci:0 "Renato Bardolucci"
 AFG_ali_muhammed_khan:0 "Ali Muhammed Khan"
 AFG_mohammed_etemadi_khan:0 "Mohammed Etemadi Khan"
 AFG_aalem_daana:0 "Aalem Daana"
 AFG_wazir_akbar_khan:0 "Wazir Akbar Khan"
 AFG_mahmud_khan:0 "Mahmud Khan"
 AFG_haji_faiz_muhammed_zikeria:0 "Haji Faiz Muhammed Zikeria"
 AFG_mohammad_hashim_khan:0 "Mohammad Hashim Khan"
 AFG_muhammed_nowroz:0 "Muhammed Nowroz"
 SIA_phraya_phahon:0 "Phraya Phahon"
 SIA_nangklao_chichalerm:0 "Nangklao Chichalerm"
 SIA_chao_phonphayuhasena:0 "Chao Phonphayuhasena"
 SIA_nangklao_suriyawongse:0 "Nangklao Suriyawongse"
 SIA_plaek_phibunsongkhram:0 "Plaek Phibunsongkhram"
 SIA_tianliang_huntrakool:0 "Tianliang Huntrakool"
 SIA_phra_silpasakrakorn:0 "Phra Silpasakrakorn"
 SIA_luang_sinthusongkhramchai:0 "Luang Sinthusongkhramchai"
 SIA_thawon_thamrongnawasawat:0 "Thawon Thamrongnawasawat"
 SIA_phraya_preechacholayudha:0 "Phraya Preechacholayudha"
 SIA_pridi_phanomyong:0 "Pridi Phanomyong"
 SIA_sindhu_kamalanavin:0 "Sindhu Kamalanavin"
 SIA_phraya_chitnasongkhla:0 "Phraya Chitnasongkhla"
 SIA_phraya_thayarnpikart:0 "Phraya Thayarnpikart"
 SIA_phra_vechayanrangsarit:0 "Phra Vechayanrangsarit"
 SIA_manphya_khanphialong:0 "Manphya Khanphialong"
 SIA_luang_phibunsongkhram:0 "Luang Phibunsongkhram"
 SIA_phraya_wichcitcholathai:0 "Phraya Wichcitcholathai"
 SIA_sawat_phutianands:0 "Sawat Phutianands"
 SIA_phraya_chalermarkiart:0 "Phraya Chalermarkiart"
 SIA_kuang_abhayavongsa:0 "Kuang Abhayavongsa"
 SIA_thawee_punyaketu:0 "Thawee Punyaketu"
 SIA_phot_bhahalyodin:0 "Phot Bhahalyodin"
 MON_anandyn_amar:0 "Anandyn Amar"
 PER_Scheherazade:0 "Scheherazade"
 PER_reza_shah_pahlavi:0 "Reza Shah Pahlavi"
 PER_soleyman_mirza_eskandari:0 "Soleyman Mirza Eskandari"
 PER_hasan_arfa:0 "Hasan Arfa"
 PER_dalir_pesyan:0 "Dalir Pesyan"
 PER_sohrab_tahmasebi:0 "Sohrab Tahmasebi"
 PER_mir_afkhami:0 "Mir Afkhami"
 PER_ahmad_khan_nakhjavan:0 "Ahmad Khan Nakhjavan"
 PER_reza_mizani:0 "Reza Mizani"
 PER_ali_razmara:0 "Ali Razmara"
 PER_hassan_majid_firooz:0 "Hassan Majid Firooz"
 PER_ahmad_mira_khosravani:0 "Ahmad Mira Khosravani"
 PER_ahmad_khan_nakhjaavan:0 "Ahmad Khan Nakhjaavan"
 PER_mohammed_nakhjavani:0 "Mohammed Nakhjavani"
 PER_abdolreza_afkhami:0 "Abdolreza Afkhami"
 PER_fazlollah_zahedi:0 "Fazlollah Zahedi"
 PER_mohammed_reza_pahlavi:0 "Mohammed Reza Pahlavi"
 PER_ali_akbar_deiva:0 "Ali Akbar Deiva"
 PER_hossein_afkhami:0 "Hossein Afkhami"
 PER_ali_zohayli:0 "Ali Zohayli"
 PER_mahmud_jam:0 "Mahmud Jam"
 PER_ali_khan_mansour:0 "Ali Khan Mansour"
 NEP_juddha_rana:0 "Juddha Rana"
 NEP_bhakti_thapa:0 "Bhakti Thapa"
 NEP_bir_shamsher_singh_thapa:0 "Bir Shamsher Singh Thapa"
 NEP_amar_thapa:0 "Amar Thapa"
 NEP_khusbu_singh:0 "Khusbu Singh"
 NEP_hira_rana:0 "Hira Rana"
 NEP_birsha_gurung:0 "Birsha Gurung"
 NEP_gagan_lama:0 "Gagan Lama"
 NEP_walter_morriano:0 "Walter Morriano"
 NEP_mohan_rana:0 "Mohan Rana"
 NEP_robert_mainwaring:0 "Robert Mainwaring"
 NEP_kiran_rana:0 "Kiran Rana"
 NEP_h_t_s_collins:0 "H.T.S Collins"
 NEP_baber_rana:0 "Baber Rana"
 NEP_gehendra_rana:0 "Gehendra Rana"
 NEP_l_m_potter:0 "L.M. Potter"
 NEP_rudra_rana:0 "Rudra Rana"
 NEP_alaap_lokesh:0 "Alaap Lokesh"
 NEP_william_stevenson_meyer:0 "William Stevenson Meyer"
 NEP_w_r_parker_gill:0 "W.R. Parker-Gill"
 NEP_sidney_r_planter:0 "Sidney R. Planter"
 BHU_jigme_wangchuck:0 "Jigme Wangchuck"
 SAU_abdulaziz_ibn_saud:0 "Abdulaziz Ibn Saud"
 SAU_philip_gordon_lee:0 "Philip Gordon-Lee"
 SAU_youssef_al_bishi:0 "Youssef al-Bishi"
 SAU_hamadan_al_odha:0 "Hamadan al-Odha"
 SAU_sa_ad_shaddad_al_outaibi:0 "Sa'ad Shaddad al Outaibi"
 SAU_karim_nassar:0 "Karim Nassar"
 SAU_hamed_al_sabani:0 "Hamed al-Sabani"
 SAU_saud_al_saud:0 "Saud al Saud"
 SAU_ismail_ali_al_salhi:0 "Ismail Ali al-Salhi"
 AFG_ali_muhammed_khan:0 "Ali Muhammed Khan"
 SAU_faisal_al_saud:0 "Faisal al-Saud"
 SAU_faisal_saud:0 "Faisal Saud"
 AFG_gholam_wali:0 "Gholam Wali"

#_British
 EGY_Nitocris:0 "Nitocris"
 EGY_Sialim_Eltnam_Rey_Atlasia:0 "Sialim Eltnam Rey-Atlasia"
 EGY_Sion_Eltnam_Atlasia:0 "Sion Eltnam Atlasia"
 EGY_Rani_VIII:0 "Rani VIII"
 MAL_onn_jaafar:0 "Onn Jaafar"
 MAL_shenton_thomas:0 "Shenton Thomas"
 MAL_ibrahim_hj_yaacob:0 "Ibrahim Hj Yaacob"
 MAL_alexander_ragland:0 "Alexander Ragland"

#_Germans
 QDA_wilhelm_ii:0 "Friedrich Wilhelm Viktor Albert von Hohenzollern"
 QDA_wilhelm_iii:0 "Friedrich Wilhelm Victor August Ernst"

#_Japans

#_SouthAmerica
 PRU_Óscar_benavides:0 "Óscar Benavides"
 PRU_sebastián_lynch:0 "Sebastián Lynch"
 PRU_hilarión_lynch:0 "Hilarión Lynch"
 PRU_santiago_ruíztagle:0 "Santiago Ruíz-Tagle"
 PRU_manuel_prado_ugarteche:0 "Manuel Prado Ugarteche"
 PRU_rafael_escardo:0 "Rafael Escardo"
 PRU_alberto_lopez_flores:0 "Alberto Lopez Flores"
 PRU_oscar_gilardi:0 "Oscar Gilardi"
 PRU_felipe_tudela:0 "Felipe Tudela"
 PRU_eduardo_cantabria_gomez:0 "Eduardo Cantabria Gomez"
 PRU_ernesto_scroth:0 "Ernesto Scroth"
 PRU_luis_ramirez_ortiz:0 "Luis Ramírez Ortiz"
 PRU_oscar_benavides_larrea:0 "Oscar Benavides Larrea"
 PRU_manuel_odria_amoretti:0 "Manuel Odria Amoretti"
 PRU_luis_navarrete:0 "Luis Navarreté"
 PRU_paul_de_beaudiez:0 "Paul de Beaudiez"
 PRU_alberto_roque_saldias:0 "Alberto Roque Saldías"
 PRU_vladimiro_lopez_trigoso:0 "Vladimiro Lopéz Trigoso"
 PRU_eloy_g_ureta:0 "Eloy G. Ureta"
 PRU_fernando_m_quesada_blanco:0 "Fernando M. Quesada Blanco"
 PRU_eduardo_montero_rojas:0 "Eduardo Montero Rojas"
 PRU_romulo_frias:0 "Romulo Frias"
 PRU_oscar_miro_quesada:0 "Oscar Miro Quesada"
 PRU_jose_bustamante_y_rivero:0 "José Bustamante y Rivero"
 PRU_armando_reveredo_iglesias:0 "Armando Reveredo Iglesias"
 PRU_reynaldo_vinatea:0 "Reynaldo Vinatea"
 PAN_harmodio_arias_madrid:0 "Harmodio Arias Madrid"
 PAN_bartolomé_sinibaldi:0 "Bartolomé Sinibaldi"
 PAN_tiburcio_andino:0 "Tiburcio Andino"
 PAN_aniceto_andino:0 "Aniceto Andino"
 PAN_juan_demostenes_arosemena:0 "Juan Demóstenes Arosemena"
 PAN_july_portocarrero:0 "July Portocarrero"
 PAN_enrique_jimenez_brin:0 "Enrique Jimenez Brín"
 PAN_nestor_urribe_suarez:0 "Nestor Urribe Suarez"
 PAN_carlos_zavala:0 "Carlos Zavala"
 PAN_marcos_a_gelabert:0 "Marcos A. Gelabert"
 PAN_juan_jose_parada:0 "Juan José Parada"
 PAN_arturo_osborne_irraga:0 "Arturo Osborne Irragá"
 PAN_enrico_fabrego_paz:0 "Enrico Fabrego Páz"
 PAN_ferdinando_hernandez_ytuarte:0 "Ferdinando Hernandez Ytuarte"
 PAN_margarita_belloso_jimenez:0 "Margarita Belloso Jímenez"
 PAN_omar_torrijos:0 "Omar Torrijos"
 PAN_bolivar_villarino:0 "Bolivar Villarino"
 PAN_juan_a_hernandez:0 "Juan A. Hernandez"
 PAN_juan_remon:0 "Juan Remón"
 PAN_manuel_rios_urribe:0 "Manuel Ríos Urribe"
 PAN_victor_pareja:0 "Victor Pareja"
 PAN_nicolas_ardito_barletta:0 "Nicolas Ardito Barletta"
 PAN_jose_pezet:0 "José Pezet"
 PAR_rafael_franco:0 "Rafael Franco"
 PAR_emilio_melgarejo:0 "Emilio Melgarejo"
 PAR_francisco_daza:0 "Francisco Daza"
 PAR_manuel_de_la_cruz:0 "Manuel de la Cruz"
 PAR_higinio_morinigo:0 "Higinio Morinigo"
 PAR_manuel_t_aponte:0 "Manuel T. Aponte"
 PAR_hector_velasquez:0 "Héctor Velasquez"
 PAR_jesus_g_arraza:0 "Jesus G. Arraza"
 PAR_juan_stefanich:0 "Juan Stefanich"
 PAR_juan_manuel_frutos:0 "Juan Manuel Frutos"
 PAR_isaias_baez_allende:0 "Isaias Baez Allende"
 PAR_vicente_almonacid:0 "Vicente Almonacid"
 PAR_alfred_stroessner_matiauda:0 "Alfred Stroessner Matiauda"
 PAR_amancio_pampliega:0 "Amancio Pampliega"
 PAR_hernan_rojas_baltassare:0 "Hernan Rojas Baltassare"
 PAR_higenio_morinigo_martinez:0 "Higenio Morinigo Martinez"
 PAR_juan_natalicio_gonzalez:0 "Juan Natalicio Gonzalez"
 PAR_remigio_bastia_martin:0 "Remigio Bastia Martín"
 PAR_francisco_esculies:0 "Francisco Esculies"
 PAR_riccardo_odriosola:0 "Riccardo Odriosola"
 ARG_agustín_pedro_justo:0 "Agustín Pedro Justo"
 ARG_nimo_de_anquín:0 "Nimo de Anquín"
 ARG_marcelo_t_de_alvear:0 "Marcelo T. de Alvear"
 ARG_fanny_edelman:0 "Fanny Edelman"
 ARG_roberto_maria_ortiz:0 "Roberto María Ortiz"
 ARG_arturo_rawson:0 "Arturo Rawson"
 ARG_juan_pistarini:0 "Juan Pistarini"
 ARG_alberto_teisaire:0 "Alberto Teisaire"
 ARG_uribaldi_diaz_brittenberg:0 "Uribaldi Díaz Brittenberg"
 ARG_agustín_pedro_justo:0 "Agustín Pedro Justo"
 ARG_edelmiro_farrell:0 "Edelmiro Farrell"
 ARG_francisco_m_velez:0 "Francisco M. Velez"
 ARG_jose_tamborni:0 "Jose Tamborni"
 ARG_manuel_a_rodriguez:0 "Manuel A. Rodriguez"
 ARG_hortensio_quijano:0 "Hortensio Quijano"
 ARG_pedro_s_casal:0 "Pedro S. Casal"
 ARG_antonio_parodi:0 "Antonio Parodi"
 ARG_pedro_pablo_ramirez:0 "Pedro Pablo Ramirez"
 ARG_heriberto_la_galine:0 "Heriberto La Galíne"
 ARG_thomas_martinez:0 "Thomas Martínez"
 ARG_eleazar_videla:0 "Eleazar Videla"
 ARG_manuel_maria_de_iriondo:0 "Manuel Maria de Iriondo"
 ARG_ramon_castillo:0 "Ramon Castillo"
 ARG_luis_podesta_costa:0 "Luis Podesta Costa"
 DOM_rafael_trujillo:0 "Rafael Trujillo"
 DOM_jacinto_gonzáles:0 "Jacinto Gonzáles"
 DOM_fernando_bayo:0 "Fernando Bayo"
 DOM_horacio_cabral:0 "Horacio Cabral"
 DOM_jacinto_peynado:0 "Jacinto Peynado"
 DOM_domingo_de_los_santos_ortiz:0 "Domingo de los Santos Ortiz"
 DOM_jose_miguel_moncada:0 "José Miguel Moncada"
 DOM_humberto_rojas:0 "Humberto Rojas"
 DOM_julio_ortega_frier:0 "Julio Ortega Frier"
 DOM_frank_feliz_miranda:0 "Frank Feliz Miranda"
 DOM_diego_trabajo_ruiz:0 "Diego Trabajo Rúiz"
 DOM_honoracio_yuna_robles:0 "Honoracio Yuna Robles"
 DOM_gerardo_espaillat:0 "Gerardo Espaillat"
 DOM_jesus_da_costa_ruiz:0 "Jesus da Costa-Ruiz"
 DOM_edgar_martinez:0 "Edgar Martinez"
 DOM_anibal_vallejo_sosa:0 "Anibal Vallejo Sosa"
 DOM_manuel_pena_battle:0 "Manuel Peña Battle"
 DOM_victor_vinas_roman:0 "Victor Viñas Roman"
 DOM_elias_brache:0 "Elias Brache"
 DOM_manuel_de_jesus_troncoso:0 "Manuel de Jesús Troncoso"
 DOM_jacinto_bienvenido_peynado:0 "Jacinto Bienvenido Peynado"
 VEN_eleazar_lópez_contreras:0 "Eleazar López Contreras"
 VEN_juan_bautista_fuenmayor:0 "Juan Bautista Fuenmayor"
 VEN_luis_figueroa:0 "Luis Figueroa"
 VEN_patricio_franco:0 "Patricio Franco"
 VEN_isaias_medina_angarita:0 "Isaias Medina Angarita"
 VEN_humberto_santabria_villa:0 "Humberto Santabria Villa"
 VEN_carlos_molina_talavayo:0 "Carlos Molina Talavayo"
 VEN_roberto_de_luca_varesano:0 "Roberto de Luca Varesano"
 VEN_carlos_garcia_mendoza:0 "Carlos Garcia Mendoza"
 VEN_miguel_diaz_fraile:0 "Miguel Díaz Fraile"
 VEN_victor_sanchez_croes:0 "Victor Sanchez Croes"
 VEN_antonio_casas_gonzalez:0 "Antonio Casas Gonzalez"
 VEN_carlos_ramos_diaz:0 "Carlos Ramos Díaz"
 VEN_david_lopez_henriques:0 "David Lopez Henriques"
 VEN_jose_polares_pavon:0 "José Polares Pavon"
 VEN_tomas_contreras_villalobos:0 "Tomas Contreras Villalobos"
 VEN_carlos_delgado_chalbaud:0 "Carlos Delgado Chalbaud"
 VEN_manuel_diaz_rodriguez:0 "Manuel Diaz Rodriguez"
 VEN_romulo_gallegos_freire:0 "Romulo Gallegos Freire"
 VEN_isidoro_ruiz_tuerro:0 "Isidoro Ruiz Tuerro"
 HON_tiburcio_carías_andino:0 "Tiburcio Carías Andino"
 HON_lorenzo_ferrera:0 "Lorenzo Ferrera"
 HON_pedro_figueroa:0 "Pedro Figueroa"
 HON_lisandro_machado:0 "Lisandro Machado"
 HON_oswaldo_lopez_arellano:0 "Oswaldo López Arellano"
 HON_carlos_vaupel_comeza:0 "Carlos Vaupel Comeza"
 HON_neto_britto:0 "Neto Britto"
 HON_jose_zuniga_huete:0 "José Zuñiga Huete"
 HON_teodore_alberto:0 "Teodore Alberto"
 HON_rufio_villegas:0 "Rufio Villegas"
 HON_carlos_molina_dejonje:0 "Carlos Molina Dejonje"
 HON_didier_masson:0 "Didier Masson"
 HON_miguel_angel_sevilla:0 "Miguel Ángel Sevilla"
 HON_raimundo_stochler_garcia:0 "Raimundo Stochler Garcia"
 HON_juan_b_valladares:0 "Juan B. Valladares"
 HON_francisco_s_tapio_toro:0 "Francisco S. Tapio Toro"
 HON_enrique_doll_rojas:0 "Enrique Doll Rojas"
 HON_gustavo_schmidt:0 "Gustavo Schmidt"
 HON_carlos_alberto_ucles:0 "Carlos Alberto Ucles"
 HON_roberto_michelleti_bain:0 "Roberto Michelleti Bain"
 HON_orlando_rodriguez_jimino:0 "Orlando Rodriguez Jimino"
 HON_abraham_williams_calderon:0 "Abraham Williams Calderon"
 HON_hernan_fernandez_silva:0 "Hernan Fernandez Silva"
 HAI_sténio_vincent:0 "Sténio Vincent"
 HAI_jacques_roumain:0 "Jacques Roumain"
 HAI_vilbrum_soulouque:0 "Vilbrum Soulouque"
 HAI_jacques_soulouque:0 "Jacques Soulouque"
 HAI_emilie_lescot:0 "Emilie Lescot"
 HAI_pascale_b_g_guillaume:0 "Pascalé B.G. Guillaume"
 HAI_charles_h_forbin:0 "Charles H. Forbin"
 HAI_andre_sainte_frederic:0 "André Sainté Frederic"
 HAI_paul_magloire:0 "Paul Magloire"
 HAI_georges_leger:0 "Georges Léger"
 HAI_belmeau_max_pierre:0 "Belmeau Max-Pierre"
 HAI_franck_lavaud:0 "Franck Lavaud"
 HAI_andre_dumont:0 "Andre Dumont"
 HAI_antoine_levelt:0 "Antoine Levelt"
 HAI_ernst_severe:0 "Ernst Severe"
 HAI_g_edouard_roy:0 "G.Edouard Roy"
 HAI_raymond_gassner:0 "Raymond Gassner"
 HAI_luis_dabtes_bellegarde:0 "Luis Dabtes Bellegarde"
 HAI_demosthenes_calixte:0 "Demosthenes Calixte"
 HAI_louis_dejoie:0 "Louis Dejoie"
 NIC_juan_bautista_sacasa:0 "Juan Bautista Sacasa"
 NIC_anastasio_somoza_garcía:0 "Anastasio Somoza García"
 NIC_francisco_leiva:0 "Francisco Leiva"
 NIC_josé_francisco_leiva:0 "José Francisco Leiva"
 NIC_joel_garcia_zaldana:0 "Joel Garcia Zaldana"
 NIC_toribio_fermin:0 "Toribio Fermín"
 NIC_augusto_caraval_antonio:0 "Augusto Caraval Antonio"
 NIC_guillermo_r_cuadra:0 "Guillermo R. Cuadra"
 NIC_bernardo_doroteo:0 "Bernardo Doroteo"
 NIC_manuel_roque_garcia:0 "Manuel Roque Garcia"
 NIC_sebastian_morazan:0 "Sebastián Morazán"
 NIC_gustavo_flores_mendienta:0 "Gustavo Flores Mendienta"
 NIC_juan_pablo_esquerra:0 "Juan Pablo Esquerra"
 NIC_noel_esto_nino_miranda:0 "Noel Esto Niño Miranda"
 NIC_maximiliano_benito:0 "Maximiliano Benito"
 NIC_victor_roman_y_reyes:0 "Victor Roman y Reyes"
 NIC_manuel_corovel_kirsch:0 "Manuel Corovél Kirsch"
 NIC_benjamin_lacayo_sacasa:0 "Benjamin Lacayo Sacasa"
 NIC_leonardo_arguello_vargas:0 "Leonardo Argüello Vargas"
 NIC_carlos_brenes_jarquin:0 "Carlos Brenes Jarquin"
 ELS_maximiliano_hernández_martínez:0 "Maximiliano Hernández Martínez"
 ELS_victoriano_ubico:0 "Victoriano Ubico"
 ELS_benito_ubico:0 "Benito Ubico"
 ELS_bartolomé_vasconcelos:0 "Bartolomé Vasconcelos"
 ELS_hector_escobar_serrano:0 "Hector Escobar Serraño"
 ELS_milton_andrade_cabrera:0 "Milton Andrade Cabrera"
 ELS_humbert_aberle:0 "Humbert Aberle"
 ELS_horacio_carnejo_ibanez:0 "Horacio Carnejo Ibanéz"
 ELS_osmin_aguirre_y_salinas:0 "Osmín Aguirre y Salinas"
 ELS_reinaldo_galindo_pohl:0 "Reinaldo Galindo Pohl"
 ELS_mauro_espinola_castro:0 "Mauro Espínola Castro"
 ELS_jose_angel_castillo:0 "José Angél Castillo"
 ELS_manuel_de_jesus_cordova:0 "Manuel de Jesús Cordova"
 ELS_augustin_farabundo_marti:0 "Augustín Farabundo Martí"
 ELS_manuel_jose_maria_lemus_lopez:0 "Manuel Jose Maria Lemus Lopez"
 ELS_raul_rodolfi_sanchez:0 "Raul Rodolfí Sanchez"
 ELS_ricardo_abrego_abrego:0 "Ricardo Abrego Abrego"
 ELS_humberto_costa:0 "Humberto Costa"
 ELS_oscar_a_bolanos:0 "Oscar A. Bolaños"
 ELS_salvador_castaneda_castro:0 "Salvador Castañeda Castro"
 ELS_jose_maria_cuellar:0 "Jose Maria Cuellar"
 CUB_josé_agripino_barnet:0 "José Agripino Barnet"
 CUB_guillermo_cabral:0 "Guillermo Cabral"
 CUB_wenceslao_carmona:0 "Wenceslao Carmona"
 CUB_gregorio_morales:0 "Gregorio Morales"
 CUB_federico_laredo_bru:0 "Federico Laredo Brú"
 CUB_fidel_castro:0 "Fidél Castro"
 CUB_enrique_c_rolas:0 "Enrique C. Rolas"
 CUB_palaez_menendez:0 "Palaez Menendez"
 CUB_domingo_r_del_toro:0 "Domingo R. del Toro"
 CUB_eduardo_chibas:0 "Eduardo Chibas"
 CUB_juan_blas_hernandez:0 "Juan Blas Hernandez"
 CUB_sergio_carbo:0 "Sergio Carbo"
 CUB_fulgencio_batista:0 "Fulgencio Batista"
 CUB_rodrigo_a_fuentes:0 "Rodrigo A. Fuentes"
 CUB_sandalio_junco:0 "Sandalio Junco"
 CUB_salvador_castaneda_castro:0 "Salvador Castaneda Castro"
 CUB_angel_gonzalez:0 "Angel Gonzalez"
 CUB_julio_sanguily:0 "Julio Sanguily"
 CUB_carlos_prio:0 "Carlos Prio"
 CUB_gerardo_machado:0 "Gerardo Machado"
 CUB_eugenio_molinet_castro:0 "Eugenio Molinet Castro"
 CHL_arturo_alessandri:0 "Arturo Alessandri"
 CHL_jorge_gonzález_von_marées:0 "Jorge González von Marées"
 CHL_carlos_contreras_labarca:0 "Carlos Contreras Labarca"
 CHL_pedro_aguirre_cerda:0 "Pedro Aguirre Cerda"
 CHL_escudero_oscar_otárola:0 "Escudero Oscar Otárola"
 CHL_domingo_blanco:0 "Domingo Blanco"
 CHL_julio_allard_pinto:0 "Julio Allard Pinto"
 CHL_gustavo_silva:0 "Gustavo Silva"
 CHL_jose_luis_sanchez_besa:0 "José Luis Sánchez Besa"
 CHL_marmaduke_grove:0 "Marmaduke Grove"
 CHL_e_novoa_fuentes:0 "E. Novoa Fuentes"
 CHL_dario_mujica_gamboa:0 "Dario Mujica Gamboa"
 CHL_c_j_de_la_motte:0 "C.J. de la Motte"
 CHL_carlos_fuentes_rabe:0 "Carlos Fuentes Rabe"
 CHL_arturo_espinoza_mujica:0 "Arturo Espinoza Mujica"
 CHL_carlos_puga_monsalve:0 "Carlos Puga Monsalve"
 CHL_francisco_o_ryan_orrego:0 "Francisco O'Ryan Orrego"
 CHL_ernesto_m_orlando:0 "Ernesto M. Orlando"
 CHL_dario_cellejas_rojas:0 "Dario Cellejas Rojas"
 CHL_ariosto_herrera:0 "Ariosto Herrera"
 CHL_luis_alamos_barros:0 "Luis Alamos Barros"
 CHL_miguel_cruchaga_tacomal:0 "Miguel Cruchaga Tacomal"
 CHL_gustavo_ross_santa_maria:0 "Gustavo Ross Santa Maria"
 COL_alfonso_lópez_pumarejo:0 "Alfonso López Pumarejo"
 COL_mariano_ospina_pérez:0 "Mariano Ospina Pérez"
 COL_eduardo_santos:0 "Eduardo Santo"
 COL_gustavo_rojas_pinilla:0 "Gustavo Rojas Pinilla"
 COL_david_de_vidal:0 "David de Vidal"
 COL_isidoro_sotomayor:0 "Isidoro Sotomayor"
 COL_eduardo_poirier_escobar:0 "Eduardo Poirier Escobar"
 COL_luis_bernardo_andrade:0 "Luis Bernardo Andrade"
 COL_luis_rodriguez:0 "Luis Rodriguez"
 COL_luis_acevedo:0 "Luis Acevedo"
 COL_enrico_diaz_carias:0 "Enrico Díaz Carias"
 COL_guillermo_padilla_manrique:0 "Guillermo Padilla Manrique"
 COL_gabriel_paris_gordillo:0 "Gabriel Paris Gordillo"
 COL_mauricio_soto_gomez:0 "Mauricio Soto Gomez"
 COL_salvador_tiaga_gonzalez:0 "Salvador Tiaga Gonzalez"
 COL_querista_sellor:0 "Querista Sellor"
 COL_camilo_daza_alvarez:0 "Camilo Daza Alvarez"
 COL_manuel_quinones:0 "Manuel Quinones"
 COL_german_olano_moreno:0 "German Olano Moreno"
 COL_ruben_piedrahita_arango:0 "Ruben Piedrahita Arango"
 COL_jose_ellis_quinsado:0 "José Ellis Quinsado"
 COL_m_e_rojas_de_moreno:0 "M.E. Rojas de Moreno"
 COL_raphael_hollmann:0 "Raphael Hollmann"
 COL_jorge_lopez_suyo:0 "Jorge Lopez Suyo"
 COS_ricardo_jiménez_oreamuno:0 "Ricardo Jiménez Oreamuno"
 COS_josé_maría_barahona:0 "José María Barahona"
 COS_lisandro_barillas:0 "Lisandro Barillas"
 COS_jorge_peralta:0 "Jorge Peralta"
 COS_leon_cortes_castro:0 "León Cortés Castro"
 COS_baptista_e_gutierrez:0 "Baptista E. Gutierrez"
 COS_hugo_montes_ramirez:0 "Hugo Montés Ramirez"
 COS_roberto_juarez_camposino:0 "Roberto Juarez Camposino"
 COS_guillermo_macho_nunez:0 "Guillermo Macho Nuñez"
 COS_luis_fernandez_rodriguez:0 "Luís Fernandéz Rodríguez"
 COS_jorge_volio_jimenez:0 "Jorge Volio Jimenéz"
 COS_manuel_mora_valverde:0 "Manuel Mora Valverde"
 COS_carlos_uribe_alpoveda:0 "Carlos Uribé Alpoveda"
 COS_felipe_abreu_castro:0 "Felipe Abreu Castro"
 COS_francisco_rosendo_arguello:0 "Francisco Rosendo Arguello"
 COS_tobias_picado_cortes:0 "Tobias Picado Cortes"
 COS_oscar_padilla_sellean:0 "Oscar Padilla Sellean"
 COS_hugo_siedler_mendoza:0 "Hugo Siedler Mendoza"
 COS_otto_cortes_fernandez:0 "Otto Cortes Fernandez"
 COS_jose_figueres_ferrer:0 "Jose Figueres Ferrer"
 COS_roberto_brenes_mesen:0 "Roberto Brenes Mesen"
 COS_julio_acosta_garcia:0 "Julio Acosta Garcia"
 COS_chico_orlich_bolmarich:0 "Chico Orlich Bolmarich"
